Week,Fertilizer added (cubic feet),Fertilizer Measured,"Mulch added 
(inches)",Mulch Measured,Rain,"Watering
(gallons)",Nutrition Lvl,Moisture,Temp,Weekly_Yield,Orchard,Location,Total Trees,Total Watered,Trees Planted
1,,0,6,6.00,0.86,10,75,75,49,43,Outgrowth Orchards,Sacramento,30,10,30
2,,0.00,,5.85,0.87,,79,78,50,45,Outgrowth Orchards,Sacramento,30,10,0
3,,0.00,,5.70,0.88,10,82,77,52,41,Outgrowth Orchards,Sacramento,60,20,30
4,,0.00,,5.55,0.87,,86,79,53,51,Outgrowth Orchards,Sacramento,110,20,50
5,,0.00,,5.40,0.86,10,89,79,54,57,Outgrowth Orchards,Sacramento,140,30,30
6,,0.00,,5.25,0.83,,91,81,55,51,Outgrowth Orchards,Sacramento,180,30,40
7,,0.00,,5.10,0.81,10,94,80,57,58,Outgrowth Orchards,Sacramento,200,40,20
8,,0.00,,4.95,0.78,,96,82,58,68,Outgrowth Orchards,Sacramento,206,40,6
9,,0.00,,4.80,0.74,10,98,81,60,64,Outgrowth Orchards,Sacramento,206,50,0
10,,0.00,,4.65,0.70,,99,83,61,75,Outgrowth Orchards,Sacramento,206,50,0
11,,0.00,,4.50,0.66,10,100,82,63,78,Outgrowth Orchards,Sacramento,206,60,0
12,,0.00,,4.35,0.62,,100,84,65,81,Outgrowth Orchards,Sacramento,206,60,0
13,,0.00,,4.20,0.57,10,100,82,66,83,Outgrowth Orchards,Sacramento,206,70,0
14,,0.00,,4.05,0.53,,100,84,68,86,Outgrowth Orchards,Sacramento,206,70,0
15,,0.00,,3.90,0.48,10,99,82,70,83,Outgrowth Orchards,Sacramento,206,80,0
16,,0.00,,3.75,0.43,,98,83,71,89,Outgrowth Orchards,Sacramento,206,80,0
17,,0.00,,3.60,0.38,10,97,82,73,100,Outgrowth Orchards,Sacramento,206,90,0
18,,0.00,,3.45,0.34,,94,83,75,96,Outgrowth Orchards,Sacramento,208,90,2
19,,0.00,,3.30,0.29,10,92,81,76,93,Outgrowth Orchards,Sacramento,208,100,0
20,,0.00,,3.15,0.25,,89,81,78,89,Outgrowth Orchards,Sacramento,208,100,0
21,,0.00,,3.00,0.21,10,86,79,79,86,Outgrowth Orchards,Sacramento,208,110,0
22,,0.00,,2.85,0.17,,84,80,81,93,Outgrowth Orchards,Sacramento,208,110,0
23,,0.00,,2.70,0.13,10,80,77,82,83,Outgrowth Orchards,Sacramento,208,120,0
24,,0.00,,2.55,0.10,,77,77,83,85,Outgrowth Orchards,Sacramento,208,120,0
25,,0.00,,2.40,0.07,10,74,75,85,86,Outgrowth Orchards,Sacramento,208,130,0
26,,0.00,,2.25,0.05,,70,75,86,74,Outgrowth Orchards,Sacramento,208,130,0
27,,0.00,4,6.10,0.03,10,67,72,87,77,Outgrowth Orchards,Sacramento,208,140,0
28,,0.00,,5.95,0.01,,67,74,88,77,Outgrowth Orchards,Sacramento,208,140,0
29,,0.00,,5.80,0.00,10,68,73,88,78,Outgrowth Orchards,Sacramento,208,150,0
30,,0.00,,5.65,-0.01,,68,75,89,80,Outgrowth Orchards,Sacramento,208,150,0
31,,0.00,,5.50,-0.01,10,68,75,89,73,Outgrowth Orchards,Sacramento,232,160,24
32,,0.00,,5.35,-0.01,,69,76,90,77,Outgrowth Orchards,Sacramento,232,160,0
33,,0.00,,5.20,-0.01,10,69,76,90,82,Outgrowth Orchards,Sacramento,270,170,38
34,,0.00,,5.05,0.00,,69,77,90,77,Outgrowth Orchards,Sacramento,270,170,0
35,,0.00,,4.90,0.02,10,69,76,90,72,Outgrowth Orchards,Sacramento,270,180,0
36,,0.00,,4.75,0.04,,70,77,89,84,Outgrowth Orchards,Sacramento,270,180,0
37,,0.00,,4.60,0.07,10,69,76,89,75,Outgrowth Orchards,Sacramento,270,190,0
38,,0.00,,4.45,0.10,,70,77,88,85,Outgrowth Orchards,Sacramento,270,190,0
39,,0.00,,4.30,0.13,10,69,76,87,80,Outgrowth Orchards,Sacramento,270,200,0
40,,0.00,,4.15,0.17,,69,77,86,86,Outgrowth Orchards,Sacramento,270,200,0
41,,0.00,,4.00,0.22,10,69,75,84,84,Outgrowth Orchards,Sacramento,270,210,0
42,,0.00,,3.85,0.26,,68,76,83,89,Outgrowth Orchards,Sacramento,270,210,0
43,,0.00,,3.70,0.32,10,67,74,81,82,Outgrowth Orchards,Sacramento,270,220,0
44,,0.00,,3.55,0.37,,66,75,78,79,Outgrowth Orchards,Sacramento,270,220,0
45,,0.00,,3.40,0.43,10,66,73,76,82,Outgrowth Orchards,Sacramento,270,230,0
46,,0.00,,3.25,0.50,,64,74,73,79,Outgrowth Orchards,Sacramento,270,230,0
47,,0.00,,3.10,0.56,10,63,72,70,69,Outgrowth Orchards,Sacramento,270,240,0
48,,0.00,,2.95,0.63,,62,72,67,75,Outgrowth Orchards,Sacramento,270,240,0
49,,0.00,,2.80,0.70,10,60,70,63,65,Outgrowth Orchards,Sacramento,270,250,0
50,,0.00,,2.65,0.78,,60,71,59,56,Outgrowth Orchards,Sacramento,270,250,0
51,,0.00,,2.50,0.85,10,59,69,55,48,Outgrowth Orchards,Sacramento,270,260,0
52,,0.00,,2.35,0.93,,59,70,51,35,Outgrowth Orchards,Sacramento,270,260,0
1,,0,6,6.00,1.07,10,75,75,59,57,Organic Gardens,SF,10,10,10
2,,0.00,,5.92,1.09,,77,77,50,42,Organic Gardens,SF,40,10,30
3,,0.00,,5.85,1.09,10,81,77,52,41,Organic Gardens,SF,80,20,40
4,,0.00,,5.77,1.09,,85,79,53,48,Organic Gardens,SF,100,20,20
5,,0.00,,5.69,1.07,10,88,79,54,53,Organic Gardens,SF,120,30,20
6,,0.00,,5.62,1.04,,91,81,55,57,Organic Gardens,SF,120,30,0
7,,0.00,,5.54,1.01,10,93,80,57,58,Organic Gardens,SF,120,40,0
8,,0.00,,5.46,0.97,,95,82,58,63,Organic Gardens,SF,120,40,0
9,,0.00,,5.38,0.93,10,97,82,60,75,Organic Gardens,SF,120,50,0
10,,0.00,,5.31,0.88,,98,84,61,67,Organic Gardens,SF,120,50,0
11,,0.00,,5.23,0.83,10,99,83,63,83,Organic Gardens,SF,120,60,0
12,,0.00,,5.15,0.77,,99,85,65,76,Organic Gardens,SF,120,60,0
13,,0.00,,5.08,0.71,10,99,84,66,82,Organic Gardens,SF,120,70,0
14,,0.00,,5.00,0.65,,99,86,68,78,Organic Gardens,SF,120,70,0
15,,0.00,,4.92,0.59,10,99,85,70,79,Organic Gardens,SF,120,80,0
16,,0.00,,4.85,0.53,,99,87,71,83,Organic Gardens,SF,120,80,0
17,,0.00,,4.77,0.47,10,99,86,73,86,Organic Gardens,SF,120,90,0
18,,0.00,,4.69,0.41,,98,87,75,94,Organic Gardens,SF,120,90,0
19,,0.00,,4.62,0.35,10,97,86,76,90,Organic Gardens,SF,120,100,0
20,,0.00,,4.54,0.29,,96,87,78,98,Organic Gardens,SF,120,100,0
21,,0.00,,4.46,0.24,10,94,86,79,93,Organic Gardens,SF,120,110,0
22,,0.00,,4.38,0.19,,93,87,81,82,Organic Gardens,SF,120,110,0
23,,0.00,,4.31,0.14,10,93,86,82,91,Organic Gardens,SF,120,120,0
24,,0.00,,4.23,0.10,,91,87,83,90,Organic Gardens,SF,120,120,0
25,,0.00,,4.15,0.06,10,90,86,85,87,Organic Gardens,SF,120,130,0
26,,0.00,,4.08,0.03,,90,86,86,83,Organic Gardens,SF,120,130,0
27,,0.00,4,4.00,0.00,10,89,85,87,84,Organic Gardens,SF,120,140,0
28,,0.00,,3.92,-0.02,,89,86,88,85,Organic Gardens,SF,120,140,0
29,,0.00,,3.85,-0.04,10,88,84,88,81,Organic Gardens,SF,120,150,0
30,,0.00,,3.77,-0.05,,88,84,89,85,Organic Gardens,SF,120,150,0
31,,0.00,,3.69,-0.06,10,87,82,89,89,Organic Gardens,SF,120,160,0
32,,0.00,,3.62,-0.06,,85,83,90,81,Organic Gardens,SF,120,160,0
33,,0.00,,3.54,-0.05,10,85,81,90,85,Organic Gardens,SF,120,170,0
34,,0.00,,3.46,-0.04,,83,81,90,86,Organic Gardens,SF,120,170,0
35,,0.00,,3.38,-0.02,10,81,79,90,84,Organic Gardens,SF,120,180,0
36,,0.00,,3.31,0.00,,80,79,89,80,Organic Gardens,SF,120,180,0
37,,0.00,,3.23,0.03,10,78,77,89,85,Organic Gardens,SF,120,190,0
38,,0.00,,3.15,0.07,,76,77,88,91,Organic Gardens,SF,160,190,40
39,,0.00,,3.08,0.11,10,74,75,87,87,Organic Gardens,SF,229,200,69
40,,0.00,,3.00,0.16,,71,75,86,81,Organic Gardens,SF,229,200,0
41,,0.00,,2.92,0.22,10,69,73,84,74,Organic Gardens,SF,229,210,0
42,,0.00,,2.85,0.28,,67,73,83,87,Organic Gardens,SF,229,210,0
43,,0.00,,2.77,0.34,10,64,71,81,79,Organic Gardens,SF,229,220,0
44,,0.00,,2.69,0.42,,62,71,78,73,Organic Gardens,SF,229,220,0
45,,0.00,,2.62,0.49,10,60,68,76,73,Organic Gardens,SF,229,230,0
46,,0.00,,2.54,0.57,,58,69,73,66,Organic Gardens,SF,229,230,0
47,,0.00,,2.46,0.66,10,57,66,70,61,Organic Gardens,SF,229,240,0
48,,0.00,,2.38,0.75,,55,67,67,52,Organic Gardens,SF,229,240,0
49,,0.00,,2.31,0.84,10,55,64,63,60,Organic Gardens,SF,229,250,0
50,,0.00,,2.23,0.93,,54,65,59,46,Organic Gardens,SF,229,250,0
51,,0.00,,2.15,1.03,10,53,63,55,37,Organic Gardens,SF,229,260,0
52,,0.00,,2.08,1.13,,54,64,51,27,Organic Gardens,SF,229,260,0
1,,0,6,6.00,0.01,10,75,75,60,66,Frugal Farms,LA,10,10,10
2,,0.00,,5.85,-0.01,,76,77,50,45,Frugal Farms,LA,40,10,30
3,,0.00,,5.70,-0.02,10,80,77,52,42,Frugal Farms,LA,70,20,30
4,,0.00,,5.55,-0.03,,84,79,53,48,Frugal Farms,LA,70,20,0
5,,0.00,,5.40,-0.02,10,87,79,54,46,Frugal Farms,LA,100,30,30
6,,0.00,,5.25,-0.01,,90,81,55,59,Frugal Farms,LA,130,30,30
7,,0.00,,5.10,0.00,10,92,80,57,56,Frugal Farms,LA,140,40,10
8,,0.00,,4.95,0.02,,95,82,58,65,Frugal Farms,LA,140,40,0
9,,0.00,,4.80,0.04,10,96,81,60,72,Frugal Farms,LA,140,50,0
10,,0.00,,4.65,0.06,,97,83,61,78,Frugal Farms,LA,140,50,0
11,,0.00,,4.50,0.09,10,97,82,63,77,Frugal Farms,LA,140,60,0
12,,0.00,,4.35,0.11,,98,83,65,83,Frugal Farms,LA,140,60,0
13,,0.00,,4.20,0.14,10,97,82,66,80,Frugal Farms,LA,140,70,0
14,,0.00,,4.05,0.16,,97,83,68,83,Frugal Farms,LA,140,70,0
15,,0.00,,3.90,0.18,10,97,82,70,90,Frugal Farms,LA,140,80,0
16,,0.00,,3.75,0.21,,96,83,71,92,Frugal Farms,LA,140,80,0
17,,0.00,,3.60,0.23,10,94,82,73,92,Frugal Farms,LA,140,90,0
18,,0.00,,3.45,0.25,,92,82,75,100,Frugal Farms,LA,140,90,0
19,,0.00,,3.30,0.26,10,89,81,76,95,Frugal Farms,LA,140,100,0
20,,0.00,,3.15,0.27,,86,81,78,90,Frugal Farms,LA,140,100,0
21,,0.00,,3.00,0.28,10,83,79,79,87,Frugal Farms,LA,140,110,0
22,,0.00,,2.85,0.29,,81,79,81,91,Frugal Farms,LA,140,110,0
23,,0.00,,2.70,0.29,10,77,77,82,79,Frugal Farms,LA,140,120,0
24,,0.00,,2.55,0.29,,75,77,83,88,Frugal Farms,LA,140,120,0
25,,0.00,,2.40,0.29,10,71,75,85,82,Frugal Farms,LA,140,130,0
26,,0.00,,2.25,0.28,,68,74,86,77,Frugal Farms,LA,140,130,0
27,,0.00,4,6.10,0.27,10,65,72,87,76,Frugal Farms,LA,163,140,23
28,,0.00,,5.95,0.26,,65,74,88,76,Frugal Farms,LA,163,140,0
29,,0.00,,5.80,0.25,10,65,73,88,74,Frugal Farms,LA,163,150,0
30,,0.00,,5.65,0.23,,66,75,89,73,Frugal Farms,LA,163,150,0
31,,0.00,,5.50,0.21,10,67,74,89,76,Frugal Farms,LA,163,160,0
32,,0.00,,5.35,0.19,,67,76,90,77,Frugal Farms,LA,163,160,0
33,,0.00,,5.20,0.17,10,67,75,90,75,Frugal Farms,LA,163,170,0
34,,0.00,,5.05,0.15,,68,77,90,74,Frugal Farms,LA,163,170,0
35,,0.00,,4.90,0.12,10,68,76,90,80,Frugal Farms,LA,163,180,0
36,,0.00,,4.75,0.10,,68,77,89,81,Frugal Farms,LA,163,180,0
37,,0.00,,4.60,0.08,10,68,76,89,73,Frugal Farms,LA,163,190,0
38,,0.00,,4.45,0.07,,69,77,88,78,Frugal Farms,LA,174,190,11
39,,0.00,,4.30,0.05,10,69,75,87,81,Frugal Farms,LA,174,200,0
40,,0.00,,4.15,0.04,,69,76,86,79,Frugal Farms,LA,174,200,0
41,,0.00,,4.00,0.03,10,69,75,84,83,Frugal Farms,LA,174,210,0
42,,0.00,,3.85,0.03,,69,75,83,83,Frugal Farms,LA,174,210,0
43,,0.00,,3.70,0.04,10,68,74,81,83,Frugal Farms,LA,174,220,0
44,,0.00,,3.55,0.05,,67,74,78,73,Frugal Farms,LA,174,220,0
45,,0.00,,3.40,0.08,10,67,73,76,81,Frugal Farms,LA,222,230,48
46,,0.00,,3.25,0.11,,66,73,73,75,Frugal Farms,LA,222,230,0
47,,0.00,,3.10,0.15,10,65,71,70,74,Frugal Farms,LA,222,240,0
48,,0.00,,2.95,0.21,,64,72,67,65,Frugal Farms,LA,222,240,0
49,,0.00,,2.80,0.28,10,63,70,63,60,Frugal Farms,LA,222,250,0
50,,0.00,,2.65,0.36,,63,71,59,53,Frugal Farms,LA,258,250,36
51,,0.00,,2.50,0.47,10,63,69,55,49,Frugal Farms,LA,258,260,0
52,,0.00,,2.35,0.59,,63,70,51,32,Frugal Farms,LA,258,260,0
1,1,1,,0.00,0.86,30,75,75,49,40,PowerHouse Plantation,Sacramento,20,30,20
2,,0.92,,0.00,0.87,,78,83,50,46,PowerHouse Plantation,Sacramento,30,30,10
3,,0.85,,0.00,0.88,30,80,80,52,49,PowerHouse Plantation,Sacramento,70,60,40
4,,0.77,,0.00,0.87,,83,85,53,52,PowerHouse Plantation,Sacramento,70,60,0
5,,0.69,,0.00,0.86,30,84,82,54,54,PowerHouse Plantation,Sacramento,100,90,30
6,,0.62,,0.00,0.83,,86,87,55,62,PowerHouse Plantation,Sacramento,130,90,30
7,,0.54,,0.00,0.81,30,87,84,57,59,PowerHouse Plantation,Sacramento,150,120,20
8,,0.46,,0.00,0.78,,88,89,58,59,PowerHouse Plantation,Sacramento,150,120,0
9,,0.38,,0.00,0.74,30,89,86,60,64,PowerHouse Plantation,Sacramento,150,150,0
10,,0.31,,0.00,0.70,,90,91,61,65,PowerHouse Plantation,Sacramento,150,150,0
11,,0.23,,0.00,0.66,30,90,87,63,66,PowerHouse Plantation,Sacramento,150,180,0
12,,0.15,,0.00,0.62,,90,92,65,74,PowerHouse Plantation,Sacramento,150,180,0
13,,0.08,,0.00,0.57,30,90,89,66,78,PowerHouse Plantation,Sacramento,150,210,0
14,1,1.00,,0.00,0.53,,89,93,68,76,PowerHouse Plantation,Sacramento,150,210,0
15,,0.92,,0.00,0.48,30,89,89,70,78,PowerHouse Plantation,Sacramento,150,240,0
16,,0.85,,0.00,0.43,,88,93,71,82,PowerHouse Plantation,Sacramento,150,240,0
17,,0.77,,0.00,0.38,30,87,90,73,86,PowerHouse Plantation,Sacramento,150,270,0
18,,0.69,,0.00,0.34,,85,94,75,76,PowerHouse Plantation,Sacramento,150,270,0
19,,0.62,,0.00,0.29,30,84,90,76,87,PowerHouse Plantation,Sacramento,150,300,0
20,,0.54,,0.00,0.25,,83,94,78,75,PowerHouse Plantation,Sacramento,150,300,0
21,,0.46,,0.00,0.21,30,82,90,79,83,PowerHouse Plantation,Sacramento,150,330,0
22,,0.38,,0.00,0.17,,81,93,81,90,PowerHouse Plantation,Sacramento,150,330,0
23,,0.31,,0.00,0.13,30,79,89,82,86,PowerHouse Plantation,Sacramento,150,360,0
24,,0.23,,0.00,0.10,,77,93,83,83,PowerHouse Plantation,Sacramento,150,360,0
25,,0.15,,0.00,0.07,30,76,88,85,74,PowerHouse Plantation,Sacramento,150,390,0
26,,0.08,,0.00,0.05,,76,92,86,79,PowerHouse Plantation,Sacramento,150,390,0
27,1,1.00,,0.00,0.03,30,75,87,87,79,PowerHouse Plantation,Sacramento,150,420,0
28,,0.92,,0.00,0.01,,74,91,88,78,PowerHouse Plantation,Sacramento,150,420,0
29,,0.85,,0.00,0.00,30,73,86,88,79,PowerHouse Plantation,Sacramento,150,450,0
30,,0.77,,0.00,-0.01,,72,89,89,81,PowerHouse Plantation,Sacramento,150,450,0
31,,0.69,,0.00,-0.01,30,71,85,89,80,PowerHouse Plantation,Sacramento,150,480,0
32,,0.62,,0.00,-0.01,,70,88,90,73,PowerHouse Plantation,Sacramento,150,480,0
33,,0.54,,0.00,-0.01,30,70,83,90,71,PowerHouse Plantation,Sacramento,150,510,0
34,,0.46,,0.00,0.00,,70,86,90,76,PowerHouse Plantation,Sacramento,150,510,0
35,,0.38,,0.00,0.02,30,69,82,90,83,PowerHouse Plantation,Sacramento,150,540,0
36,,0.31,,0.00,0.04,,68,85,89,83,PowerHouse Plantation,Sacramento,150,540,0
37,,0.23,,0.00,0.07,30,66,80,89,68,PowerHouse Plantation,Sacramento,150,570,0
38,,0.15,,0.00,0.10,,67,84,88,70,PowerHouse Plantation,Sacramento,150,570,0
39,1,1.08,,0.00,0.13,30,67,79,87,76,PowerHouse Plantation,Sacramento,218,600,68
40,,1.00,,0.00,0.17,,66,82,86,82,PowerHouse Plantation,Sacramento,218,600,0
41,,0.92,,0.00,0.22,30,65,78,84,84,PowerHouse Plantation,Sacramento,218,630,0
42,,0.85,,0.00,0.26,,63,81,83,81,PowerHouse Plantation,Sacramento,218,630,0
43,,0.77,,0.00,0.32,30,62,77,81,75,PowerHouse Plantation,Sacramento,218,660,0
44,,0.69,,0.00,0.37,,62,81,78,73,PowerHouse Plantation,Sacramento,218,660,0
45,,0.62,,0.00,0.43,30,62,77,76,80,PowerHouse Plantation,Sacramento,218,690,0
46,,0.54,,0.00,0.50,,61,80,73,70,PowerHouse Plantation,Sacramento,218,690,0
47,,0.46,,0.00,0.56,30,61,77,70,78,PowerHouse Plantation,Sacramento,230,720,12
48,,0.38,,0.00,0.63,,60,81,67,70,PowerHouse Plantation,Sacramento,230,720,0
49,,0.31,,0.00,0.70,30,60,77,63,62,PowerHouse Plantation,Sacramento,230,750,0
50,,0.23,,0.00,0.78,,61,82,59,58,PowerHouse Plantation,Sacramento,230,750,0
51,,0.15,,0.00,0.85,30,62,79,55,53,PowerHouse Plantation,Sacramento,230,780,0
52,,0.08,,0.00,0.93,,63,83,51,43,PowerHouse Plantation,Sacramento,230,780,0
1,1,1,,0.00,1.07,30,75,75,59,55,Gargantian Grove,SF,30,30,30
2,,0.92,,0.00,1.09,,77,80,50,44,Gargantian Grove,SF,50,30,20
3,,0.85,,0.00,1.09,30,79,77,52,44,Gargantian Grove,SF,60,60,10
4,,0.77,,0.00,1.09,,82,82,53,48,Gargantian Grove,SF,90,60,30
5,,0.69,,0.00,1.07,30,84,79,54,53,Gargantian Grove,SF,110,90,20
6,,0.62,,0.00,1.04,,86,84,55,57,Gargantian Grove,SF,140,90,30
7,,0.54,,0.00,1.01,30,87,81,57,64,Gargantian Grove,SF,140,120,0
8,,0.46,,0.00,0.97,,88,86,58,63,Gargantian Grove,SF,140,120,0
9,,0.38,,0.00,0.93,30,88,83,60,70,Gargantian Grove,SF,140,150,0
10,,0.31,,0.00,0.88,,88,88,61,67,Gargantian Grove,SF,140,150,0
11,,0.23,,0.00,0.83,30,89,85,63,70,Gargantian Grove,SF,140,180,0
12,,0.15,,0.00,0.77,,89,89,65,76,Gargantian Grove,SF,140,180,0
13,,0.08,,0.00,0.71,30,88,86,66,78,Gargantian Grove,SF,140,210,0
14,1,1.00,,0.00,0.65,,87,90,68,73,Gargantian Grove,SF,140,210,0
15,,0.92,,0.00,0.59,30,87,86,70,78,Gargantian Grove,SF,140,240,0
16,,0.85,,0.00,0.53,,86,90,71,76,Gargantian Grove,SF,140,240,0
17,,0.77,,0.00,0.47,30,85,87,73,83,Gargantian Grove,SF,140,270,0
18,,0.69,,0.00,0.41,,84,91,75,83,Gargantian Grove,SF,143,270,3
19,,0.62,,0.00,0.35,30,83,87,76,91,Gargantian Grove,SF,143,300,0
20,,0.54,,0.00,0.29,,81,91,78,85,Gargantian Grove,SF,143,300,0
21,,0.46,,0.00,0.24,30,79,87,79,89,Gargantian Grove,SF,143,330,0
22,,0.38,,0.00,0.19,,77,90,81,82,Gargantian Grove,SF,143,330,0
23,,0.31,,0.00,0.14,30,76,86,82,84,Gargantian Grove,SF,143,360,0
24,,0.23,,0.00,0.10,,75,90,83,86,Gargantian Grove,SF,143,360,0
25,,0.15,,0.00,0.06,30,73,85,85,80,Gargantian Grove,SF,143,390,0
26,,0.08,,0.00,0.03,,72,89,86,72,Gargantian Grove,SF,143,390,0
27,1,1.00,,0.00,0.00,30,72,84,87,81,Gargantian Grove,SF,143,420,0
28,,0.92,,0.00,-0.02,,71,88,88,77,Gargantian Grove,SF,143,420,0
29,,0.85,,0.00,-0.04,30,70,83,88,74,Gargantian Grove,SF,143,450,0
30,,0.77,,0.00,-0.05,,70,86,89,68,Gargantian Grove,SF,143,450,0
31,,0.69,,0.00,-0.06,30,70,82,89,75,Gargantian Grove,SF,143,480,0
32,,0.62,,0.00,-0.06,,69,85,90,74,Gargantian Grove,SF,153,480,10
33,,0.54,,0.00,-0.05,30,69,80,90,80,Gargantian Grove,SF,199,510,46
34,,0.46,,0.00,-0.04,,68,83,90,70,Gargantian Grove,SF,199,510,0
35,,0.38,,0.00,-0.02,30,68,79,90,83,Gargantian Grove,SF,199,540,0
36,,0.31,,0.00,0.00,,67,82,89,78,Gargantian Grove,SF,199,540,0
37,,0.23,,0.00,0.03,30,66,78,89,80,Gargantian Grove,SF,199,570,0
38,,0.15,,0.00,0.07,,65,81,88,78,Gargantian Grove,SF,199,570,0
39,1,1.08,,0.00,0.11,30,64,76,87,77,Gargantian Grove,SF,199,600,0
40,,1.00,,0.00,0.16,,63,79,86,73,Gargantian Grove,SF,199,600,0
41,,0.92,,0.00,0.22,30,63,75,84,82,Gargantian Grove,SF,199,630,0
42,,0.85,,0.00,0.28,,62,78,83,78,Gargantian Grove,SF,199,630,0
43,,0.77,,0.00,0.34,30,61,74,81,85,Gargantian Grove,SF,199,660,0
44,,0.69,,0.00,0.42,,60,78,78,71,Gargantian Grove,SF,199,660,0
45,,0.62,,0.00,0.49,30,60,74,76,73,Gargantian Grove,SF,199,690,0
46,,0.54,,0.00,0.57,,59,77,73,75,Gargantian Grove,SF,199,690,0
47,,0.46,,0.00,0.66,30,59,74,70,70,Gargantian Grove,SF,199,720,0
48,,0.38,,0.00,0.75,,59,78,67,68,Gargantian Grove,SF,199,720,0
49,,0.31,,0.00,0.84,30,59,74,63,58,Gargantian Grove,SF,199,750,0
50,,0.23,,0.00,0.93,,60,79,59,60,Gargantian Grove,SF,199,750,0
51,,0.15,,0.00,1.03,30,61,76,55,47,Gargantian Grove,SF,199,780,0
52,,0.08,,0.00,1.13,,63,81,51,33,Gargantian Grove,SF,199,780,0
1,1,1,,0.00,0.01,30,75,75,60,60,Berry Bonds,LA,20,30,20
2,,0.92,,0.00,-0.01,,76,79,50,47,Berry Bonds,LA,60,30,40
3,,0.85,,0.00,-0.02,30,78,77,52,49,Berry Bonds,LA,80,60,20
4,,0.77,,0.00,-0.03,,80,82,53,51,Berry Bonds,LA,120,60,40
5,,0.69,,0.00,-0.02,30,82,79,54,55,Berry Bonds,LA,150,90,30
6,,0.62,,0.00,-0.01,,84,84,55,57,Berry Bonds,LA,150,90,0
7,,0.54,,0.00,0.00,30,85,81,57,58,Berry Bonds,LA,160,120,10
8,,0.46,,0.00,0.02,,86,86,58,60,Berry Bonds,LA,170,120,10
9,,0.38,,0.00,0.04,30,87,83,60,71,Berry Bonds,LA,170,150,0
10,,0.31,,0.00,0.06,,87,88,61,69,Berry Bonds,LA,170,150,0
11,,0.23,,0.00,0.09,30,87,84,63,76,Berry Bonds,LA,170,180,0
12,,0.15,,0.00,0.11,,87,89,65,72,Berry Bonds,LA,170,180,0
13,,0.08,,0.00,0.14,30,87,86,66,83,Berry Bonds,LA,170,210,0
14,1,1.00,,0.00,0.16,,85,90,68,79,Berry Bonds,LA,170,210,0
15,,0.92,,0.00,0.18,30,84,86,70,77,Berry Bonds,LA,170,240,0
16,,0.85,,0.00,0.21,,84,90,71,86,Berry Bonds,LA,170,240,0
17,,0.77,,0.00,0.23,30,82,87,73,82,Berry Bonds,LA,170,270,0
18,,0.69,,0.00,0.25,,81,91,75,74,Berry Bonds,LA,170,270,0
19,,0.62,,0.00,0.26,30,80,87,76,87,Berry Bonds,LA,170,300,0
20,,0.54,,0.00,0.27,,79,91,78,81,Berry Bonds,LA,170,300,0
21,,0.46,,0.00,0.28,30,78,87,79,85,Berry Bonds,LA,170,330,0
22,,0.38,,0.00,0.29,,76,90,81,86,Berry Bonds,LA,170,330,0
23,,0.31,,0.00,0.29,30,75,86,82,78,Berry Bonds,LA,170,360,0
24,,0.23,,0.00,0.29,,74,90,83,83,Berry Bonds,LA,186,360,16
25,,0.15,,0.00,0.29,30,72,85,85,86,Berry Bonds,LA,186,390,0
26,,0.08,,0.00,0.28,,71,89,86,76,Berry Bonds,LA,186,390,0
27,1,1.00,,0.00,0.27,30,70,84,87,83,Berry Bonds,LA,186,420,0
28,,0.92,,0.00,0.26,,69,88,88,75,Berry Bonds,LA,186,420,0
29,,0.85,,0.00,0.25,30,68,83,88,76,Berry Bonds,LA,186,450,0
30,,0.77,,0.00,0.23,,68,86,89,78,Berry Bonds,LA,186,450,0
31,,0.69,,0.00,0.21,30,67,82,89,72,Berry Bonds,LA,186,480,0
32,,0.62,,0.00,0.19,,67,85,90,77,Berry Bonds,LA,186,480,0
33,,0.54,,0.00,0.17,30,66,80,90,74,Berry Bonds,LA,186,510,0
34,,0.46,,0.00,0.15,,66,83,90,75,Berry Bonds,LA,186,510,0
35,,0.38,,0.00,0.12,30,65,79,90,79,Berry Bonds,LA,186,540,0
36,,0.31,,0.00,0.10,,64,82,89,70,Berry Bonds,LA,186,540,0
37,,0.23,,0.00,0.08,30,64,77,89,72,Berry Bonds,LA,186,570,0
38,,0.15,,0.00,0.07,,64,81,88,80,Berry Bonds,LA,186,570,0
39,1,1.08,,0.00,0.05,30,63,76,87,76,Berry Bonds,LA,186,600,0
40,,1.00,,0.00,0.04,,63,79,86,76,Berry Bonds,LA,186,600,0
41,,0.92,,0.00,0.03,30,62,75,84,79,Berry Bonds,LA,186,630,0
42,,0.85,,0.00,0.03,,61,78,83,78,Berry Bonds,LA,186,630,0
43,,0.77,,0.00,0.04,30,60,74,81,78,Berry Bonds,LA,186,660,0
44,,0.69,,0.00,0.05,,59,78,78,76,Berry Bonds,LA,186,660,0
45,,0.62,,0.00,0.08,30,59,74,76,72,Berry Bonds,LA,186,690,0
46,,0.54,,0.00,0.11,,59,77,73,81,Berry Bonds,LA,186,690,0
47,,0.46,,0.00,0.15,30,58,74,70,73,Berry Bonds,LA,186,720,0
48,,0.38,,0.00,0.21,,57,78,67,69,Berry Bonds,LA,186,720,0
49,,0.31,,0.00,0.28,30,57,74,63,60,Berry Bonds,LA,186,750,0
50,,0.23,,0.00,0.36,,58,79,59,60,Berry Bonds,LA,186,750,0
51,,0.15,,0.00,0.47,30,59,76,55,48,Berry Bonds,LA,186,780,0
52,,0.08,,0.00,0.59,,62,80,51,34,Berry Bonds,LA,186,780,0
1,0.5,0.5,4,4.00,0.86,10,75,75,49,39,Friendly Farmstead,Sacramento,20,10,20
2,,0.42,,3.85,0.87,10,86,78,50,40,Friendly Farmstead,Sacramento,50,20,30
3,,0.35,,3.70,0.88,10,97,79,52,49,Friendly Farmstead,Sacramento,60,30,10
4,,0.27,,3.55,0.87,10,100,80,53,52,Friendly Farmstead,Sacramento,70,40,10
5,,0.19,,3.40,0.86,10,100,82,54,51,Friendly Farmstead,Sacramento,70,50,0
6,,0.12,,3.25,0.83,10,100,83,55,56,Friendly Farmstead,Sacramento,80,60,10
7,,0.04,,3.10,0.81,10,100,84,57,60,Friendly Farmstead,Sacramento,80,70,0
8,,0.00,,2.95,0.78,10,100,85,58,71,Friendly Farmstead,Sacramento,80,80,0
9,,0.00,,2.80,0.74,10,99,86,60,66,Friendly Farmstead,Sacramento,80,90,0
10,,0.00,,2.65,0.70,10,98,86,61,73,Friendly Farmstead,Sacramento,109,100,29
11,,0.00,,2.50,0.66,10,96,87,63,78,Friendly Farmstead,Sacramento,109,110,0
12,,0.00,,2.35,0.62,10,93,88,65,79,Friendly Farmstead,Sacramento,109,120,0
13,,0.00,,2.20,0.57,10,90,88,66,80,Friendly Farmstead,Sacramento,109,130,0
14,0.5,0.50,,2.05,0.53,10,86,88,68,78,Friendly Farmstead,Sacramento,109,140,0
15,,0.42,,1.90,0.48,15,90,88,70,81,Friendly Farmstead,Sacramento,109,155,0
16,,0.35,,1.75,0.43,15,92,90,71,87,Friendly Farmstead,Sacramento,109,170,0
17,,0.27,,1.60,0.38,15,94,91,73,86,Friendly Farmstead,Sacramento,109,185,0
18,,0.19,,1.45,0.34,15,96,92,75,85,Friendly Farmstead,Sacramento,109,200,0
19,,0.12,,1.30,0.29,15,97,93,76,81,Friendly Farmstead,Sacramento,109,215,0
20,,0.04,,1.15,0.25,15,99,93,78,80,Friendly Farmstead,Sacramento,109,230,0
21,,0.00,,1.00,0.21,15,100,94,79,82,Friendly Farmstead,Sacramento,109,245,0
22,,0.00,,0.85,0.17,15,94,94,81,86,Friendly Farmstead,Sacramento,109,260,0
23,,0.00,,0.70,0.13,20,87,94,82,80,Friendly Farmstead,Sacramento,111,280,2
24,,0.00,,0.55,0.10,20,80,96,83,82,Friendly Farmstead,Sacramento,111,300,0
25,,0.00,,0.40,0.07,20,73,97,85,72,Friendly Farmstead,Sacramento,111,320,0
26,,0.00,,0.25,0.05,20,67,98,86,66,Friendly Farmstead,Sacramento,111,340,0
27,0.5,0.50,,0.10,0.03,20,61,99,87,63,Friendly Farmstead,Sacramento,111,360,0
28,,0.42,,0.00,0.01,20,61,100,88,61,Friendly Farmstead,Sacramento,111,380,0
29,,0.35,,0.00,0.00,20,62,100,88,62,Friendly Farmstead,Sacramento,111,400,0
30,,0.27,,0.00,-0.01,20,63,101,89,65,Friendly Farmstead,Sacramento,111,420,0
31,,0.19,,0.00,-0.01,25,64,101,89,61,Friendly Farmstead,Sacramento,111,445,0
32,,0.12,,0.00,-0.01,25,65,103,90,53,Friendly Farmstead,Sacramento,111,470,0
33,,0.04,,0.00,-0.01,25,66,105,90,57,Friendly Farmstead,Sacramento,111,495,0
34,,0.00,,0.00,0.00,25,68,107,90,50,Friendly Farmstead,Sacramento,146,520,35
35,,0.00,,0.00,0.02,25,63,108,90,46,Friendly Farmstead,Sacramento,146,545,0
36,,0.00,,0.00,0.04,20,58,110,89,43,Friendly Farmstead,Sacramento,146,565,0
37,,0.00,,0.00,0.07,20,54,111,89,33,Friendly Farmstead,Sacramento,146,585,0
38,,0.00,,0.00,0.10,20,50,111,88,38,Friendly Farmstead,Sacramento,146,605,0
39,0.5,0.50,,0.00,0.13,20,47,112,87,36,Friendly Farmstead,Sacramento,146,625,0
40,,0.42,,0.00,0.17,20,50,113,86,34,Friendly Farmstead,Sacramento,146,645,0
41,,0.35,,0.00,0.22,20,54,113,84,35,Friendly Farmstead,Sacramento,146,665,0
42,,0.27,,0.00,0.26,20,57,114,83,31,Friendly Farmstead,Sacramento,146,685,0
43,,0.19,,0.00,0.32,20,61,115,81,39,Friendly Farmstead,Sacramento,146,705,0
44,,0.12,,0.00,0.37,15,64,116,78,46,Friendly Farmstead,Sacramento,146,720,0
45,,0.04,,0.00,0.43,15,66,116,76,49,Friendly Farmstead,Sacramento,146,735,0
46,,0.00,,0.00,0.50,15,69,116,73,39,Friendly Farmstead,Sacramento,146,750,0
47,,0.00,,0.00,0.56,15,65,116,70,39,Friendly Farmstead,Sacramento,146,765,0
48,,0.00,,0.00,0.63,10,61,116,67,33,Friendly Farmstead,Sacramento,146,775,0
49,,0.00,,0.00,0.70,10,57,115,63,33,Friendly Farmstead,Sacramento,146,785,0
50,,0.00,,0.00,0.78,10,54,114,59,21,Friendly Farmstead,Sacramento,146,795,0
51,,0.00,,0.00,0.85,10,52,114,55,30,Friendly Farmstead,Sacramento,146,805,0
52,,0.00,,0.00,0.93,10,49,114,51,13,Friendly Farmstead,Sacramento,146,815,0
1,,0,4,4.00,1.07,20,75,75,59,53,Nancy Nursery,SF,10,20,10
2,,0.00,,3.92,1.09,,78,79,50,50,Nancy Nursery,SF,40,20,30
3,,0.00,,3.85,1.09,,81,78,52,45,Nancy Nursery,SF,60,20,20
4,,0.00,,3.77,1.09,,84,77,53,52,Nancy Nursery,SF,100,20,40
5,,0.00,,3.69,1.07,20,86,76,54,53,Nancy Nursery,SF,120,40,20
6,,0.00,,3.62,1.04,,88,79,55,65,Nancy Nursery,SF,140,40,20
7,,0.00,,3.54,1.01,,89,78,57,59,Nancy Nursery,SF,160,40,20
8,,0.00,,3.46,0.97,,90,77,58,63,Nancy Nursery,SF,160,40,0
9,,0.00,,3.38,0.93,20,91,75,60,64,Nancy Nursery,SF,160,60,0
10,,0.00,,3.31,0.88,,91,79,61,71,Nancy Nursery,SF,160,60,0
11,,0.00,,3.23,0.83,,91,77,63,71,Nancy Nursery,SF,160,60,0
12,,0.00,,3.15,0.77,,90,76,65,70,Nancy Nursery,SF,160,60,0
13,,0.00,,3.08,0.71,20,89,74,66,79,Nancy Nursery,SF,160,80,0
14,,0.00,,3.00,0.65,,88,77,68,75,Nancy Nursery,SF,160,80,0
15,,0.00,,2.92,0.59,,86,75,70,85,Nancy Nursery,SF,160,80,0
16,,0.00,,2.85,0.53,,83,73,71,85,Nancy Nursery,SF,160,80,0
17,,0.00,,2.77,0.47,20,81,71,73,86,Nancy Nursery,SF,160,100,0
18,,0.00,,2.69,0.41,,77,74,75,75,Nancy Nursery,SF,170,100,10
19,,0.00,,2.62,0.35,,75,72,76,88,Nancy Nursery,SF,170,100,0
20,,0.00,,2.54,0.29,,72,70,78,82,Nancy Nursery,SF,195,100,25
21,,0.00,,2.46,0.24,20,69,67,79,83,Nancy Nursery,SF,195,120,0
22,,0.00,,2.38,0.19,,65,70,81,86,Nancy Nursery,SF,195,120,0
23,,0.00,,2.31,0.14,,61,67,82,77,Nancy Nursery,SF,195,120,0
24,,0.00,,2.23,0.10,,58,64,83,63,Nancy Nursery,SF,195,120,0
25,,0.00,,2.15,0.06,20,57,62,85,66,Nancy Nursery,SF,195,140,0
26,,0.00,,2.08,0.03,,54,64,86,60,Nancy Nursery,SF,195,140,0
27,,0.00,,2.00,0.00,,52,61,87,58,Nancy Nursery,SF,195,140,0
28,,0.00,,1.92,-0.02,,51,58,88,55,Nancy Nursery,SF,195,140,0
29,,0.00,,1.85,-0.04,20,49,55,88,46,Nancy Nursery,SF,195,160,0
30,,0.00,,1.77,-0.05,,48,57,89,48,Nancy Nursery,SF,195,160,0
31,,0.00,,1.69,-0.06,,47,53,89,48,Nancy Nursery,SF,195,160,0
32,,0.00,,1.62,-0.06,,45,50,90,32,Nancy Nursery,SF,195,160,0
33,,0.00,,1.54,-0.05,20,45,47,90,31,Nancy Nursery,SF,195,180,0
34,,0.00,,1.46,-0.04,,45,48,90,33,Nancy Nursery,SF,195,180,0
35,,0.00,,1.38,-0.02,,45,45,90,37,Nancy Nursery,SF,195,180,0
36,,0.00,,1.31,0.00,,44,41,89,26,Nancy Nursery,SF,195,180,0
37,,0.00,,1.23,0.03,20,44,37,89,22,Nancy Nursery,SF,195,200,0
38,,0.00,,1.15,0.07,,44,39,88,19,Nancy Nursery,SF,195,200,0
39,,0.00,,1.08,0.11,,45,35,87,18,Nancy Nursery,SF,195,200,0
40,,0.00,8,9.00,0.16,,45,32,86,13,Nancy Nursery,SF,195,200,0
41,,0.00,,8.92,0.22,20,52,31,84,17,Nancy Nursery,SF,195,220,0
42,,0.00,,8.85,0.28,,58,36,83,21,Nancy Nursery,SF,195,220,0
43,,0.00,,8.77,0.34,,64,35,81,23,Nancy Nursery,SF,195,220,0
44,,0.00,,8.69,0.42,,70,35,78,27,Nancy Nursery,SF,208,220,13
45,,0.00,,8.62,0.49,20,75,34,76,22,Nancy Nursery,SF,208,240,0
46,,0.00,,8.54,0.57,,81,39,73,32,Nancy Nursery,SF,208,240,0
47,,0.00,,8.46,0.66,,86,39,70,30,Nancy Nursery,SF,208,240,0
48,,0.00,,8.38,0.75,,91,38,67,35,Nancy Nursery,SF,208,240,0
49,,0.00,,8.31,0.84,20,95,38,63,28,Nancy Nursery,SF,208,260,0
50,,0.00,,8.23,0.93,,100,43,59,32,Nancy Nursery,SF,208,260,0
51,,0.00,,8.15,1.03,,100,42,55,23,Nancy Nursery,SF,208,260,0
52,,0.00,,8.08,1.13,,100,42,51,17,Nancy Nursery,SF,208,260,0
1,0.5,0.5,4,4.00,0.01,5,75,75,60,64,Easygoing Estates,LA,0,5,0
2,,0.42,,3.85,-0.01,,84,75,50,49,Easygoing Estates,LA,30,5,30
3,,0.35,,3.70,-0.02,5,93,74,52,44,Easygoing Estates,LA,40,10,10
4,,0.27,,3.55,-0.03,,100,74,53,48,Easygoing Estates,LA,80,10,40
5,,0.19,,3.40,-0.02,5,100,73,54,54,Easygoing Estates,LA,80,15,0
6,,0.12,,3.25,-0.01,,100,73,55,56,Easygoing Estates,LA,100,15,20
7,,0.04,,3.10,0.00,5,100,71,57,66,Easygoing Estates,LA,110,20,10
8,,0.00,,2.95,0.02,,100,71,58,61,Easygoing Estates,LA,110,20,0
9,,0.00,,2.80,0.04,5,100,69,60,65,Easygoing Estates,LA,110,25,0
10,,0.00,,2.65,0.06,,99,69,61,68,Easygoing Estates,LA,110,25,0
11,,0.00,,2.50,0.09,5,97,67,63,69,Easygoing Estates,LA,110,30,0
12,,0.00,,2.35,0.11,,96,66,65,66,Easygoing Estates,LA,110,30,0
13,,0.00,2,4.20,0.14,5,94,64,66,73,Easygoing Estates,LA,110,35,0
14,0.5,0.50,,4.05,0.16,,94,64,68,67,Easygoing Estates,LA,110,35,0
15,,0.42,,3.90,0.18,5,100,63,70,79,Easygoing Estates,LA,110,40,0
16,,0.35,,3.75,0.21,,100,63,71,81,Easygoing Estates,LA,110,40,0
17,,0.27,,3.60,0.23,5,100,61,73,79,Easygoing Estates,LA,110,45,0
18,,0.19,,3.45,0.25,,100,61,75,78,Easygoing Estates,LA,110,45,0
19,,0.12,,3.30,0.26,5,100,59,76,72,Easygoing Estates,LA,110,50,0
20,,0.04,,3.15,0.27,,100,58,78,72,Easygoing Estates,LA,110,50,0
21,,0.00,,3.00,0.28,5,100,56,79,70,Easygoing Estates,LA,110,55,0
22,,0.00,,2.85,0.29,,99,55,81,70,Easygoing Estates,LA,131,55,21
23,,0.00,,2.70,0.29,5,98,53,82,56,Easygoing Estates,LA,131,60,0
24,,0.00,,2.55,0.29,,98,52,83,64,Easygoing Estates,LA,131,60,0
25,,0.00,2,4.40,0.29,5,96,49,85,63,Easygoing Estates,LA,131,65,0
26,,0.00,,4.25,0.28,,98,49,86,59,Easygoing Estates,LA,131,65,0
27,0.5,0.50,,4.10,0.27,5,100,48,87,52,Easygoing Estates,LA,131,70,0
28,,0.42,,3.95,0.26,,100,47,88,43,Easygoing Estates,LA,131,70,0
29,,0.35,,3.80,0.25,5,100,45,88,51,Easygoing Estates,LA,131,75,0
30,,0.27,,3.65,0.23,,100,45,89,48,Easygoing Estates,LA,131,75,0
31,,0.19,,3.50,0.21,5,100,43,89,37,Easygoing Estates,LA,131,80,0
32,,0.12,,3.35,0.19,,100,42,90,38,Easygoing Estates,LA,131,80,0
33,,0.04,,3.20,0.17,5,100,40,90,37,Easygoing Estates,LA,131,85,0
34,,0.00,,3.05,0.15,,100,38,90,42,Easygoing Estates,LA,131,85,0
35,,0.00,,2.90,0.12,5,100,36,90,33,Easygoing Estates,LA,131,90,0
36,,0.00,,2.75,0.10,,100,35,89,21,Easygoing Estates,LA,131,90,0
37,,0.00,,2.60,0.08,5,100,32,89,32,Easygoing Estates,LA,131,95,0
38,,0.00,2,4.45,0.07,,100,31,88,28,Easygoing Estates,LA,131,95,0
39,0.5,0.50,,4.30,0.05,5,100,29,87,27,Easygoing Estates,LA,131,100,0
40,,0.42,,4.15,0.04,,100,29,86,30,Easygoing Estates,LA,131,100,0
41,,0.35,,4.00,0.03,5,100,27,84,23,Easygoing Estates,LA,131,105,0
42,,0.27,,3.85,0.03,,100,27,83,18,Easygoing Estates,LA,131,105,0
43,,0.19,,3.70,0.04,5,100,25,81,17,Easygoing Estates,LA,131,110,0
44,,0.12,,3.55,0.05,,100,25,78,16,Easygoing Estates,LA,131,110,0
45,,0.04,,3.40,0.08,5,100,23,76,10,Easygoing Estates,LA,131,115,0
46,,0.00,,3.25,0.11,,100,22,73,8,Easygoing Estates,LA,131,115,0
47,,0.00,,3.10,0.15,5,100,20,70,15,Easygoing Estates,LA,131,120,0
48,,0.00,,2.95,0.21,,100,20,67,17,Easygoing Estates,LA,131,120,0
49,,0.00,,2.80,0.28,5,100,18,63,10,Easygoing Estates,LA,131,125,0
50,,0.00,,2.65,0.36,,100,17,59,9,Easygoing Estates,LA,131,125,0
51,,0.00,,2.50,0.47,5,100,15,55,4,Easygoing Estates,LA,131,130,0
52,,0.00,,2.35,0.59,,100,15,51,3,Easygoing Estates,LA,131,130,0